id,nb
97,0
98,17.6765850057383
99,35.8005254459583
196,0
197,41.1446092849025
199,150.855506919697
296,59.8489027212069
297,9.99899849503801
298,14.0856508424659
299,18.1723031898937
395,0
396,16.5400603884063
397,2.23677717240874
398,0
399,44.5300017620616
495,816.20603555566
496,62.9441187003239
497,0
498,2.80503948107475
499,8.35466500613212
500,16.8181461990301
594,0
595,93.086202434459
596,105.043892291282
597,6.6015153304604
598,0.713350557687113
599,0
600,29.1748287406611
695,0
696,0
697,10.4342632421013
698,2.68413260689049
699,0
700,90.2932536408027
750,0
794,15.5002612704217
795,10.7486211149804
796,0
797,0
798,5.74307652375218
799,0
800,26.7687819443944
845,0
846,0
847,0
848,0
849,0
850,32.4876770933097
851,43.7199257050271
852,0
854,73.257475068241
894,5.82771133568116
895,7.20604970138168
896,0
897,89.8458982063209
898,9.22519450025876
899,0
900,0
944,0
945,0
946,22.6942202843849
947,0
948,0
949,16.673057950009
950,0
951,92.6509376873957
952,91.9134057548717
953,119.867075066272
954,87.9113882193729
994,3.97783616066204
995,0
996,0
997,3.53048072618029
998,0
999,0
1000,28.5219316200661
1044,0
1045,0
1046,0
1047,0.761713307360815
1048,0
1049,0
1050,23.6372939030221
1051,88.8302804631732
1052,241.584025307563
1053,338.224889843039
1095,27.7964903749605
1097,0
1098,14.0251974053737
1099,2.80503948107475
1100,91.5748665071558
1142,0
1143,0
1144,0
1145,15.4881705830032
1146,0
1147,0
1148,0
1149,0
1150,65.3501654965906
1151,114.136089229938
1152,1842.99557387804
1153,507.409878889069
1195,79.7259928370987
1196,3.55466210101714
1197,0
1198,5.41662796345469
1199,9.44282687379043
1200,121.559771304851
1231,0
1233,10.7848931772357
1234,0
1235,0
1236,30.6257112308721
1240,0
1241,0
1242,0
1243,0
1244,0
1245,5.30781177668886
1246,0.0483627496737026
1247,0
1248,0
1249,1.00352705572933
1250,0
1251,12.8040379761128
1252,181.904392210214
1253,257.241465514424
1295,3.63929691294612
1296,94.391996675649
1297,0
1298,0
1299,101.271597816733
1300,190.658049901154
1327,0
1328,0
1330,0
1331,12.1148687932625
1332,1.28161286635312
1333,0
1334,0
1335,0
1336,0
1337,2.96221841751428
1338,0
1339,0
1340,6.58942464304198
1341,0
1342,4.12292440968314
1343,43.9254673911404
1344,0
1345,76.3164189851027
1346,0
1347,24.2055562116881
1348,16.503788326151
1349,0
1350,0
1351,0
1352,0
1353,51.6876887137696
1398,19.4176439939916
1399,597.932855590822
1427,0
1428,0
1429,0
1430,3.10730666653539
1431,14.4483714650186
1432,92.2882170648429
1433,16.2619745777825
1434,0
1435,0
1436,1.47506386504793
1437,11.619150609107
1438,0
1439,0
1440,76.0383331744789
1441,0
1442,0
1443,117.6544792687
1444,0
1445,37.9526678064381
1446,1.8377844876007
1447,0
1448,1.48715455246635
1449,2.90176498042215
1450,0
1451,0
1452,0
1453,87.8267534074439
1499,35.8609788830505
1500,20.6146220484157
1525,0
1526,12.6347683522548
1527,0
1528,0
1529,0
1530,1.22115942926099
1531,36.8524152513614
1532,0
1533,0
1534,0
1535,0
1536,34.7002728908816
1537,0
1538,21.9808697266978
1539,0
1540,0
1541,0
1542,0
1543,68.6388324744024
1544,3.02267185460641
1545,0
1546,0
1547,0
1548,122.913928295715
1549,3.13148804137224
1550,0
1551,32.1733192204306
1552,21.9204162896057
1553,76.2801469228474
1554,57.4307652375218
1573,415.762468257403
1574,850.011597577578
1599,9.63627787248524
1621,0
1622,0
1623,0
1624,0
1625,0
1626,0
1627,130.506879994486
1628,26.4665147589337
1629,0
1630,50.6599802832034
1631,186.486762741797
1632,0
1633,4.17128715935685
1634,71.8186832654483
1635,6.05743439663125
1636,0
1637,135.911417270523
1638,10.736530427562
1639,0
1640,38.7506531760542
1641,0
1642,0
1643,190.355782715693
1644,15.8992539552297
1645,0
1646,9.55164306055626
1647,14.5571876517845
1648,584.935366616014
1649,91.8892243800349
1650,17.9063080666884
1651,158.521002742979
1652,18.3053007514964
1653,638.412477067711
1654,18.6680213740492
1672,562.809408640295
1673,286.343750130574
1674,2400.5334428039
1675,589.203379274718
1676,771.954119604222
1677,157.118483002441
1678,0
1699,0
1722,0
1723,20.7113475477631
1724,0
1725,37.1063196871483
1726,0
1727,0
1728,0
1729,110.037346195092
1730,72.1451318257458
1731,34.8453611399027
1732,799.133984920843
1733,1.35415699086367
1734,0
1735,0
1736,0
1737,0
1738,0
1739,58.9662825396619
1740,95.7703350413495
1741,28.691201243924
1742,0
1743,55.4116204386447
1744,45.8841587529253
1745,0
1746,28.4735688703924
1747,41.6040554068026
1748,46.4403303741729
1749,50.5511640964376
1750,0
1751,34.7607263279737
1752,40.9148862239524
1753,144.133084715052
1754,84.6952653660716
1755,277.420822815776
1756,105.092255040956
1757,305.326129377503
1771,247.423827330662
1772,175.919501938093
1773,211.937659757583
1774,117.436846895168
1775,264.544240715153
1776,73.1365681940567
1777,22.8151271585692
1778,242.75682198715
1779,102.468575871157
1820,31.0126132282618
1821,8.05239782067148
1822,24.4957327097304
1823,0
1824,22.4161344737611
1825,0
1826,0
1827,0
1828,73.5839236285384
1829,1361.21795231603
1830,56.2337871830977
1831,0
1832,0
1833,0
1834,14.1944670292317
1835,0
1836,0
1837,0
1838,0
1839,0
1840,69.3038202824158
1841,130.16834074677
1842,111.863039995274
1843,42.0514108412844
1844,0
1845,10.8816186765831
1846,138.752728813853
1847,0
1848,0
1849,0
1850,20.2156293636077
1851,0
1852,0
1853,92.7234818119062
1854,214.960331612189
1855,993.020248362716
1856,178.917992417863
1857,121.80158505322
1858,535.254732013703
1868,911.686194098967
1869,119.963800565619
1870,10342.2893829094
1871,934.223235446912
1872,417.370529684053
1873,0
1874,10.3738098050092
1875,204.852516930386
1876,135.343154961857
1877,51.6635073389328
1878,81.9990420717627
1879,53.2232060159097
1919,204.175438434954
1920,402.426440034879
1921,174.565344947229
1922,155.994049072528
1923,0
1924,8.10076057034518
1925,1.16070599216886
1926,0
1927,84.6589933038163
1928,42.9703030850847
1929,105.575882537693
1930,0
1931,9.60000581022996
1932,60.332530217944
1933,17.8700360044331
1934,14.7385479630609
1935,0
1936,0
1937,0
1938,25.0277229561411
1939,0
1940,70.4040728374925
1941,419.474309294859
1942,160.056520045119
1943,3.62720622552769
1944,51.2040612170326
1945,0
1946,113.217196986138
1947,0
1948,31.1214294150276
1949,122.333575299631
1950,0
1951,24.0967400249223
1952,0
1953,21.9083256021873
1954,70.4645262745846
1955,125.585970215187
1956,144.181447464726
1957,220.25605270146
1958,582.577682569421
1959,37.0821383123114
1966,103.556737738816
1967,470.23101507741
1969,1017.37089282343
1970,718.525371902199
1971,612.284501556493
1972,240.169414879607
1973,274.506967147936
1974,76.6065954831449
1975,249.914508938858
1976,63.5486530712452
1977,52.5340368330594
1978,218.418268213859
1979,316.522105926965
2020,79.3874535893828
2021,1475.42658567048
2022,28.3405713087897
2023,26.8171446940681
2024,26.672056445047
2025,63.657469258011
2026,127.786475325341
2027,0
2028,0
2029,0
2030,0
2031,0
2032,29.5738214254691
2033,0
2034,0
2035,43.1879354586164
2036,0
2037,0
2038,29.02974049164
2039,0
2040,170.551236724312
2041,1264.48036228121
2042,509.259754064088
2043,277.312006629011
2044,28.376843371045
2045,0
2046,14.1098322173027
2047,43.2121168334532
2048,77.888208349498
2049,0
2050,6.34761089467346
2051,0
2052,0
2053,0
2054,31.2665176640487
2055,0
2056,78.4322892833271
2057,62.1582240181262
2058,220.497866449828
2059,576.06080205089
2060,384.749855029141
2061,306.813283929969
2062,40.7939793497681
2063,31.3511524759777
2065,635.559074836962
2067,519.137845684942
2068,370.906017935043
2069,447.307071732075
2070,1802.17741315343
2071,91.9375871297086
2072,22.6458575347112
2073,57.4791279871955
2074,113.096290111953
2075,27.7118555630316
2076,83.2202015010237
2077,164.360804766078
2078,599.758549391004
2079,230.593590444214
2080,1052.42179564944
2081,0
2121,300.562398534643
2122,82.2529465075496
2123,0
2124,43.6715629553534
2125,50.6599802832034
2126,36.7194176897587
2127,0
2128,0
2129,0
2130,0
2131,20.6750754855078
2132,0
2133,0
2134,0
2135,0
2136,294.867684760565
2137,0
2138,34.7123635783
2139,96.8705875964262
2140,105.092255040956
2141,862.319917369535
2142,6520.26591100858
2143,96.2297811632497
2144,170.176425414341
2145,0
2146,22.5974947850375
2147,17.9909428786174
2148,503.40786135357
2149,0
2150,0
2151,0
2152,0
2153,0
2154,75.4579801783944
2155,0
2156,100.618700696138
2157,173.150734519274
2158,62.5451260155159
2159,3759.94988269459
2160,745.54805828238
2161,477.594243715231
2162,225.358322792036
2163,164.929067074744
2166,153.999085648487
2167,302.291366835478
2168,705.951056987036
2169,178.011190861481
2170,121.813675740638
2171,206.097857734484
2172,51.5909632144222
2173,71.0327885832506
2174,13.8438370940974
2175,0
2176,71.6977763912641
2177,0
2178,31.3632431633961
2179,66.5592342384332
2180,222.553283310961
2181,812.397469018856
2182,2641.00512486897
2222,245.114506033743
2223,102.420213121484
2224,266.889834074328
2225,49.6443625400557
2226,0
2227,0
2228,65.8337929933276
2229,0
2230,90.8494252620502
2231,0
2232,8.94710868963497
2233,0
2234,0
2235,0
2236,10.1924494937328
2237,8.45139050547952
2238,0
2239,0
2240,19.8045459913812
2241,330.051585148183
2242,363.857147170101
2243,30.7828901673117
2244,0
2245,24.5078233971488
2246,142.754746349352
2247,40.2619891033574
2248,0
2249,0
2250,0
2251,30.6619832931274
2252,0
2253,0
2254,0
2255,90.2811629533843
2256,0
2257,0
2258,26.0917034489625
2259,161.845941783046
2260,47.4075853676469
2261,187.006662300789
2262,281.035938353886
2263,105.321978101906
2264,307.949808547301
2265,43.9617394533956
2266,89.7129006447183
2267,100.038347700054
2268,136.721493327557
2269,239.443973634501
2270,89.6645378950446
2271,300.115043100161
2272,13.5415699086367
2273,50.7567057825509
2274,27.6151300636842
2275,0
2276,0
2278,0
2279,30.2992626705747
2280,104.185453484574
2281,802.91837008281
2282,620.784254811646
2283,916.848917626635
2284,21.3642446683581
2322,109.166816700965
2323,23.9032890262275
2324,156.646946193123
2325,40.5158935391443
2326,52.8000319562648
2327,13.0458517244813
2328,57.2131328639901
2329,30.2871719831562
2330,0
2331,0
2332,23.6977473401143
2333,0
2334,43.0791192718506
2335,0
2336,75.929516987713
2337,0
2338,0
2339,0
2340,0
2341,126.33559283513
2342,139.030814624476
2343,43.8287418917929
2344,63.9597364434716
2345,0
2346,18.0997590653832
2347,0
2348,0
2349,0
2350,0
2351,0
2352,7.65340513586343
2353,0
2354,0
2355,0
2356,0
2357,0
2358,37.8438516196723
2359,17.1445947593276
2360,0
2361,64.0564619428191
2362,210.752772390577
2363,2104.20278486571
2364,196.050496489772
2365,215.41977773409
2366,319.073240972253
2367,508.836580004443
2368,123.687732290494
2369,0
2370,21.7269652909109
2371,12.2962291045389
2372,44.8080875726854
2373,344.487865925783
2374,46.0534283767833
2375,28.3526619962081
2376,8.27003019420314
2377,0
2378,0
2379,0
2380,0
2381,0
2382,278.593619495364
2383,4597.03653542187
2384,1076.63944254855
2385,492.647149551171
2422,0
2423,0
2424,24.145102774596
2425,0
2426,0
2427,7.29068451331066
2428,378.849599568949
2429,0
2430,29.2715542400085
2431,0
2432,20.6629847980894
2433,46.8755951212362
2434,0
2435,0
2436,45.0982640707276
2437,12.0423246687519
2438,18.5471144998649
2439,45.6060729423015
2440,0
2441,117.352212083239
2442,32.1491378455938
2443,0
2444,53.6826521378098
2445,173.307913455713
2446,24.2660096487803
2447,650.599889985484
2448,0
2449,0
2450,0
2451,3.28866697781177
2452,113.882184794151
2453,0
2454,0
2455,0
2456,0
2457,0
2458,47.9637569888945
2459,46.984411308002
2460,61.5415989597865
2461,0
2462,33.4307507119469
2463,80.0887134596515
2464,117.086216960034
2465,220.183508576949
2466,1331.36604507994
2467,390.335752616453
2468,256.757838017687
2469,39.5244571708334
2470,149.017722432096
2471,0
2472,0
2473,37.7833981825801
2474,69.110369283721
2475,0
2476,0
2477,2.00705411145866
2478,19.7078204920338
2479,0
2480,2.00705411145866
2481,0
2482,0
2483,76.5461420460527
2484,146.273136388113
2485,43.9617394533956
2522,14.6780945259687
2523,16.334518702293
2524,0
2525,0
2526,0
2527,0
2528,0
2529,6.86751045366576
2530,0
2531,8.33048363129527
2532,0
2533,29.5375493632138
2534,84.6710839912348
2535,0
2536,4.01410822291731
2537,0
2538,0
2539,0
2540,166.11395444175
2541,700.304705962632
2542,0
2543,88.9028245876837
2544,0
2545,0
2546,0
2547,154.28926214653
2548,9.96272643278273
2549,15.850891205556
2550,0
2551,0
2552,0
2553,0
2554,12.8644914132049
2555,0
2556,0
2557,49.5718184155451
2558,0
2559,0
2560,90.2690722659658
2561,0
2562,0
2563,103.653463238163
2564,0
2565,180.852502404811
2566,754.966703781334
2567,459.603300836614
2568,99.9778942629616
2569,4.89672840446239
2570,0
2571,0
2572,12.4050452913047
2573,64.6730870011588
2574,43.4297492069849
2575,0.737531932523964
2576,1.4629731776295
2577,5.39244658861784
2578,12.0544153561704
2579,1.59597073923218
2580,0.773803994779241
2581,30.9400691037512
2582,0
2583,0
2584,0
2585,29.9849047976956
2623,0
2624,0
2625,0
2626,53.7672869497388
2627,0
2628,0
2629,3.74811309971195
2630,0
2631,0
2632,0
2633,8.29421156903999
2634,85.4811600482693
2635,8.72947631610331
2636,0
2637,42.6196731499504
2638,62.5572167029343
2639,26.1884289483099
2640,151.9073967251
2641,0
2642,38.4725673654304
2643,94.875624172386
2644,22.7909457837323
2645,0
2646,0
2647,0
2648,0
2649,0
2650,0
2651,0
2652,0
2653,0
2654,268.473714126141
2655,0
2656,0
2657,0
2658,0
2659,0
2660,17.241320258675
2661,583.000856629066
2662,0
2663,0
2664,0
2665,106.168326221196
2666,445.916642678956
2667,194.623795374398
2668,381.896452798392
2669,65.5194351204485
2670,0
2671,0
2672,0
2673,0
2674,62.8473932009765
2675,33.17684627616
2676,199.641430653044
2677,0
2678,0
2679,0
2680,0
2681,0
2682,0
2683,28.4010247458818
2684,7.68967719811871
2685,0
2723,18.946107184673
2725,0
2726,0
2727,0
2728,0
2729,0
2730,0
2731,0
2732,0
2733,0
2734,26.672056445047
2735,13.8438370940974
2736,481.572079875893
2737,75.1073502432601
2738,0
2739,0
2740,0
2741,0
2742,0
2743,26.1158848237994
2744,0
2745,0
2746,13.0821237867365
2747,0
2748,0
2749,0
2750,23.9637424633196
2751,0
2752,0
2753,0
2754,0
2755,0
2756,0
2757,0
2758,0
2759,0
2760,94.2348177392094
2761,149.404624429486
2762,0
2763,21.4367887928687
2764,228.501901520826
2765,261.34020854927
2766,86.7023194775303
2767,14.8957268995004
2768,33.3461159000179
2769,0
2770,0
2771,0
2772,0
2773,0
2774,95.9396046652075
2775,0
2776,0
2777,0
2778,0
2779,0
2780,0
2781,0
2782,0
2783,0
2785,26.0796127615441
2786,8.69320425384804
2823,84.3567261183557
2824,0
2825,0
2826,32.4272236562176
2827,0
2828,0
2829,0
2830,0
2831,0
2832,0
2833,56.1612430585871
2834,52.3768578966199
2835,0
2836,75.0589874935864
2837,0
2838,0
2839,0
2840,23.7219287149511
2841,0
2842,0
2843,20.481624486813
2844,0
2845,0
2846,143.987996466031
2847,0
2848,35.6312558221004
2849,37.8680329945091
2850,98.4181955859847
2851,0
2852,0
2853,0
2854,0
2855,0
2856,0
2857,25.7531642012466
2858,0
2859,0
2860,0
2861,46.7184161847967
2862,0
2863,25.6201666396439
2864,45.279624382004
2865,213.872169744531
2866,24.4594606474751
2867,14.9319989617557
2868,73.6201956907937
2869,27.3370442530604
2870,0
2871,0
2872,0
2873,12.8644914132049
2874,0
2875,0
2876,0
2877,1.76524036309014
2879,0
2880,0
2881,15.6090774571875
2924,0
2925,94.5249942372516
2926,0
2927,0
2928,0
2929,0
2930,0
2931,0
2932,0
2933,0
2934,107.776387647846
2935,24.3022817110355
2936,74.140095249786
2937,327.826898663193
2938,0
2939,0
2940,0
2941,0
2942,0
2943,0
2944,5.06599802832034
2945,12.1148687932625
2946,0
2947,0
2948,9.28564793735089
2949,0
2950,465.213379798763
2951,0
2952,0
2953,0
2954,0
2955,17.6765850057383
2956,0
2957,10.5309887414487
2958,0
2959,0
2960,0
2961,32.8866697781177
2962,0
2963,28.1592109975133
2964,87.5486675968201
2965,329.567957651446
2966,22.9360340327534
2967,136.213684455983
2968,80.4877061444595
2969,0
2970,0
2971,0.495718184155451
2972,0
2973,48.7980144207659
2974,3.01058116718798
2975,0
2976,0
2977,16.8302368864485
2978,0
2979,32.7174001542598
2980,0
3024,169.064082171846
3026,0
3027,0
3028,0
3029,0
3030,0
3031,71.7945018906115
3032,0
3033,217.970912779377
3034,30.166265108972
3035,0
3036,28.2559364968607
3037,28.1471203100949
3038,0
3039,61.3481479610917
3040,0
3041,0
3042,237.170924399837
3043,0
3044,0
3045,0
3046,0
3047,0
3048,17.1445947593276
3049,0
3050,12.7194031641838
3051,86.2428733556301
3052,0
3053,0
3054,0
3055,0
3056,141.207138359793
3057,0
3058,0
3059,0
3060,0
3061,0
3062,90.3537070778948
3063,0
3064,0
3065,31.0851573527723
3066,19.6957298046154
3067,20.3486269252104
3068,0
3069,0
3070,0
3071,0
3072,0
3073,0
3074,41.4952392200368
3075,0
3076,0
3077,0
3078,0
3079,0
3080,0
3124,309.364418975257
3125,43.5869281434244
3126,0
3127,58.3980202309958
3128,0
3129,0
3130,160.153245544466
3131,0
3132,49.4750929161977
3133,57.2735863010823
3134,0
3135,39.028738986678
3136,0
3137,0
3138,0
3139,0
3140,0
3141,0
3142,0
3143,0
3144,0
3145,0
3146,118.80309457345
3147,54.6015443816102
3148,116.880675273921
3149,0
3150,0
3151,0
3152,0
3153,0
3154,0
3155,59.3290031622146
3156,0
3157,0
3158,0
3159,0
3160,0
3161,0
3162,14.799001400153
3163,166.924030498784
3164,34.9058145769948
3165,571.478431519306
3166,36.0544298817453
3167,36.8282338765245
3168,7.44786344975019
3169,0
3170,0
3171,0
3172,0
3173,0
3174,486.710622028724
3175,0
3176,0
3177,88.5038319028757
3178,5.1869049025046
3180,0
3224,126.662041395427
3225,331.877278948365
3226,220.123055139857
3227,61.8801382075024
3228,49.0156467942975
3229,76.2317841731737
3230,142.186484040686
3231,4.83627496737026
3232,0
3233,17.7612198176673
3234,0
3235,31.9073240972253
3236,0
3237,15.5002612704217
3238,0
3239,0
3240,0
3241,0
3242,0
3243,11.6554226713623
3244,0
3245,8.37884638096897
3246,0
3247,26.1763382608915
3248,0
3249,6.25088539532606
3250,0
3251,0
3252,0
3253,0
3254,0
3255,13.2272120357577
3256,0
3257,0
3258,0
3259,35.5949837598451
3260,0
3261,0
3262,55.4599831883184
3263,21.7269652909109
3264,100.413159010025
3265,84.3204540561004
3266,22.1985021002295
3267,29.5254586757954
3268,0
3269,0
3270,0
3271,2.76876741881947
3272,0
3273,0
3274,3.98992684808046
3275,0
3276,0
3277,13.4206630344525
3278,8.17330469485573
3279,36.5501480659007
3280,0
3325,139.949706868277
3326,138.402098878718
3327,198.746719784081
3328,832.528463570534
3329,59.4015472867252
3330,104.584446169382
3331,5.48917208796524
3332,23.2262105307957
3333,12.5380428529074
3334,0
3335,0
3336,0
3337,3.01058116718798
3338,0
3339,18.692202748886
3340,5.74307652375218
3341,0
3342,52.1834068979251
3343,0
3344,43.4781119566586
3345,0
3346,0
3347,0
3348,0
3349,0
3350,0
3351,5.6100789621495
3352,0
3353,0.640806433176559
3354,1.13652461733201
3355,50.3214410354875
3356,0
3357,0
3358,0
3359,0
3360,0
3361,0
3362,0
3363,0
3364,0
3365,126.758766894774
3366,235.15177960096
3367,117.436846895168
3368,2.74458604398262
3369,0
3370,53.8640124490862
3371,1.8861472372744
3372,0
3373,0
3374,0
3375,0
3376,0
3377,0
3378,0
3379,0
3380,3.7239317248751
3381,0
3424,98.0071122137583
3425,149.622256803017
3426,88.2982902167625
3427,1650.42719536477
3428,4043.77876984213
3429,828.465992597943
3430,74.5995413716862
3431,11.9093271071493
3432,34.5551846418605
3433,30.7828901673117
3434,80.0524413973962
3435,50.4907106593455
3436,353.604244239276
3437,35.6796185717741
3438,0
3439,0
3440,0
3441,130.797056492529
3442,42.2085897777239
3443,0
3444,0
3445,59.1597335383567
3446,0
3447,0
3448,16.1531583910167
3449,445.541831368985
3450,0
3451,0
3452,0
3453,0
3454,0
3455,9.05592487640081
3456,0
3457,0
3458,0
3459,0
3460,0
3461,2.69622329430892
3462,0
3463,0
3464,0
3465,0
3466,275.957849638147
3467,205.626320925165
3468,0
3469,0
3470,0
3471,0
3472,0
3473,0.507808871573877
3474,0
3475,0
3476,0
3477,31.3390617885593
3478,0
3479,0
3480,0
3524,32.2458633449412
3525,0
3526,0
3527,667.563124433535
3528,823.593445568318
3529,764.312805155777
3530,134.871618152538
3531,348.634971710303
3532,0
3533,0
3534,0
3535,0
3536,0
3537,0
3538,0
3539,0
3540,0
3541,0
3542,0
3543,0
3544,16.2619745777825
3545,24.0000145255749
3546,0
3547,0
3548,0
3549,36.5743294407376
3550,0
3551,0
3552,0
3553,0
3554,0
3555,0
3556,0
3557,0
3558,0
3559,37.0216848752193
3560,0
3561,0
3562,0
3563,3.22821354071965
3564,0
3565,7.26650313847381
3566,1229.46573151745
3567,100.824242382251
3568,0
3569,0
3570,0
3571,0
3572,60.6952508404967
3573,5.73098583633375
3574,0
3575,0
3576,1.28161286635312
3577,0
3578,167.383476620685
3579,0
3625,54.7345419432129
3626,0
3627,72.1088597634905
3628,155.655509824812
3629,168.060555116116
3630,50.647889595785
3631,73.0398426947093
3632,166.416221627211
3633,66.4383273642489
3634,0
3635,34.4221870802578
3636,0
3637,0
3638,13.5294792212183
3639,0
3640,34.0231943954498
3641,0
3642,0
3643,11.0629789878595
3644,0
3645,0
3646,36.1632460685111
3647,0
3648,0
3649,0
3650,0
3651,0
3652,0
3653,0
3654,85.1063487382981
3655,0
3656,0
3657,0
3658,0
3659,319.073240972253
3660,42.4866755883477
3661,0
3662,31.0730666653539
3663,0
3664,14.0977415298843
3665,0
3666,237.654551896574
3667,588.949474838932
3668,83.6191941858317
3669,35.534530322753
3670,0
3671,49.680634602311
3672,225.358322792036
3673,0
3674,39.1133737986069
3675,0
3676,0
3677,0
3678,0
3725,27.893215874308
3726,53.5980173258809
3727,90.7889718249581
3728,57.1889514891533
3729,76.1955121109184
3730,52.9693015801227
3731,14.6055504014582
3732,49.3783674168503
3733,35.449895510824
3734,0
3735,43.0791192718506
3736,66.4625087390857
3737,189.315983597709
3738,117.243395896473
3739,0
3740,0
3741,75.1073502432601
3742,74.1280045623676
3743,747.216573146123
3744,0
3745,3.84483859905935
3746,0
3747,0
3748,0
3749,0
3750,0
3751,0
3752,0
3753,12.0423246687519
3754,0
3755,0
3756,0
3757,0
3758,0
3759,10.168268118896
3760,5.98489027212069
3761,85.3723438615035
3762,58.3254761064853
3763,0
3764,0
3765,13.9284719060263
3766,78.5773775323482
3767,60.0302630324833
3768,7.75013063521084
3769,148.546185622777
3770,0
3771,126.238867335782
3772,1469.10315615064
3773,71.2383302693639
3774,17.0841413222354
3775,0
3777,13.7350209073315
3825,40.8060700371865
3826,23.2866639678878
3827,60.2841674682702
3828,0
3829,0
3830,0
3831,30.1299930467167
3832,2.52695367045096
3833,4.95718184155451
3834,0
3835,48.5682913598158
3836,20.167266613934
3837,415.061208387134
3838,90.0030771427605
3839,0
3840,0
3841,8.77783906577701
3842,104.814169230332
3843,10.3617191175908
3844,19.1516488707862
3845,173.17491589411
3846,0
3847,0
3848,47.1294995570231
3849,0
3850,0
3851,33.0438487145573
3852,0
3853,0
3854,21.3279726061028
3855,0
3856,80.4877061444595
3857,0.4715368093186
3858,3.40957385199603
3859,0
3860,34.3012802060735
3861,106.252961033125
3862,151.798580538334
3863,16.3103373274562
3864,228.356813271805
3865,115.756241344007
3866,137.676657633613
3867,69.6423595301317
3868,0
3869,8.37884638096897
3870,58.458473668088
3871,158.654000304581
3872,2564.01162738843
3873,377.628440139688
3874,0
3875,0
3876,0
3877,0
3878,39.8871777933862
3879,0
3880,0
3925,0
3926,93.5335578689408
3927,0
3928,55.3753483763894
3929,0
3930,39.0045576118411
3931,0
3932,0
3933,0
3934,0
3935,0
3936,0
3937,7.56877032393445
3938,19.1879209330415
3939,0
3940,14.0493787802106
3941,0
3942,0
3943,27.8569438120527
3944,28.4856595578108
3945,0
3946,0
3947,0
3948,0
3949,21.5093329173792
3950,34.5672753292789
3951,0
3952,0
3953,0
3954,0
3955,38.3516604912461
3956,0
3957,0
3958,0.967254993474051
3959,17.9425801289437
3960,0
3961,123.675641603076
3962,477.533790278139
3963,40.4917121643075
3964,0
3965,149.041903806933
3966,141.594040357183
3967,69.5819060930396
3968,19.7682739291259
3969,23.177847781122
3970,253.940707849194
3971,266.587566888867
3972,0
3973,173.876175764379
3974,27.4337697524078
3975,0
3976,96.3385973500155
3977,35.764253383703
3979,0
3980,0
3981,0
4025,29.7793631115824
4026,0
4027,0
4028,17.9304894415252
4029,41.8942319048448
4030,3.57884347585399
4031,15.6090774571875
4032,0
4033,0
4034,0
4035,0
4036,0
4037,0
4038,0
4039,36.6468735652481
4040,0
4041,9.61209649764838
4042,27.0226863801813
4043,35.4740768856608
4044,0
4045,0
4046,52.4010392714567
4047,0
4048,0
4049,0
4050,0
4051,0
4052,0
4053,0
4054,0
4055,132.151213483392
4056,0.701259870268687
4057,0
4058,23.2141198433772
4059,0
4060,20.2760828006998
4061,0
4062,470.569554325126
4063,2665.92403163834
4064,102.891749930802
4065,255.210230028128
4066,41.6403274690579
4067,0
4068,13.7954743444237
4069,61.469054835276
4070,56.415147494374
4071,279.633418613348
4072,75.8086101135288
4073,0
4074,128.439372445936
4075,63.74210406994
4076,13.6987488450763
4077,0
4078,23.2141198433772
4079,8.99547143930868
4080,0
4081,0
4125,30.5048043566879
4126,0
4127,0
4128,0
4129,4.98136321639136
4130,9.41864549895357
4131,57.720941735564
4132,0
4133,0
4134,0
4135,0
4136,0
4137,38.6418369892883
4138,0
4139,4.75164015544128
4140,0
4141,0
4142,0
4143,7.9677630087425
4144,0
4145,0
4146,1.26952217893469
4147,29.428733176448
4148,117.303849333566
4149,0
4150,0
4151,22.3919530989243
4152,34.3859150180025
4153,0
4154,16.0080701419955
4155,172.727560459629
4156,0
4157,0
4158,82.6277578175208
4159,0
4160,20.3486269252104
4161,173.223278643784
4162,482.043616685212
4163,43.00657514734
4164,401.156917855944
4165,50.7687964699693
4166,484.631023792755
4167,84.4655423051215
4168,0
4169,29.6221841751428
4170,55.2544415022052
4171,127.181940954419
4172,0
4173,151.544676102547
4174,111.51241006014
4175,0
4176,11.3289741110648
4177,0
4178,24.3990072103829
4179,0
4180,31.7138730985305
4181,19.5748229304311
4225,0
4226,61.4206920856023
4227,24.9914508938858
4228,33.8781061464287
4229,49.7652694142399
4230,9.23728518767719
4231,25.6080759522255
4232,0
4233,657.515763188823
4234,113.241378360975
4235,18.4382983130991
4236,0
4237,0
4238,0
4239,19.3209184946442
4240,0
4241,10.0594519321301
4242,0
4243,0
4244,1.45088249021108
4245,0
4246,0
4247,0
4248,0
4249,4.6670053435123
4250,0
4251,0
4252,0
4253,27.3128628782235
4254,0
4255,69.5456340307843
4256,0
4257,0
4258,0
4259,0
4260,204.296345309138
4261,12.6105869774179
4262,218.164363778072
4263,56.6085984930689
4264,59.4378193489805
4265,541.082443349384
4266,629.247736004544
4267,225.225325230433
4268,630.698618494755
4269,503.951942287399
4270,209.858061521614
4271,186.84948336435
4272,0
4273,1127.84350376558
4274,40.1289915417547
4275,46.2468793754781
4276,27.6030393762657
4277,0
4278,99.2524530178561
4279,0
4280,0
4325,345.962929790831
4326,120.205614313988
4327,0
4328,13.7108395324947
4329,0
4330,269.743236305076
4331,62.2065867677999
4332,0
4333,86.6539567278566
4334,252.852545981535
4335,34.5672753292789
4336,25.8861617628493
4337,0
4338,0
4339,0
4340,0
4341,30.6740739805459
4342,34.1199198947972
4343,0
4344,24.8705440197015
4345,0
4346,0
4347,0
4348,0
4349,0
4350,0
4351,0
4352,0
4353,342.504993189162
4354,687.585302798448
4355,129.321992627481
4356,0
4357,52.2559510224356
4358,0
4359,0
4360,70.3557100878188
4361,95.9637860400443
4362,8.0644885080899
4363,0
4364,98.7930068959559
4365,1749.5950135707
4366,8455.47715782695
4367,372.16344942656
4368,335.214308675851
4369,87.1254935371752
4370,51.3612401534721
4371,0
4372,35.8972509453057
4373,435.639558373294
4374,0
4375,0
4376,322.446542761993
4377,36.7556897520139
4378,25.8982524502677
4379,86.7385915397856
4380,0
4424,79.6655394000065
4425,28.5702943697398
4426,0
4427,0
4428,309.533688599115
4429,0
4430,0
4431,0
4432,27.6634928133579
4433,0
4434,0
4435,23.2987546553062
4436,36.7798711268508
4437,2.76876741881947
4438,46.0292470019464
4439,11.6796040461992
4440,124.812166220408
4441,1754.23783753938
4442,201.90238920029
4443,0
4444,0
4445,0
4446,0
4447,0
4448,0
4449,4.57027984416489
4450,0
4451,8.63275081675591
4452,11.8972364197308
4453,145.184974520455
4454,2035.27377589326
4455,152.765835531808
4456,94.621719736599
4457,136.721493327557
4458,20.0342690523313
4459,2.27304923466402
4460,0
4461,50.1400807242111
4462,52.6428530198252
4463,10.7969838646541
4464,217.729099031009
4465,754.144537036881
4466,3865.71921623098
4467,713.531917998389
4468,133.360282225235
4469,54.4685468200075
4470,11.4377902978307
4471,112.600571927798
4472,0
4473,0
4474,28.0987575604212
4475,69.4851805936922
4476,15.4881705830032
4477,84.8645349899296
4478,0
4479,14.4967342146923
4524,48.4232031107947
4525,109.565809385773
4526,31.6050569117646
4527,12.1632315429362
4528,29.6463655499797
4529,0
4530,0
4531,0
4532,0
4533,13.1546679112471
4534,19.7078204920338
4535,0
4536,0
4537,33.9143782086839
4538,11.304792736228
4539,136.636858515628
4540,29.3078263022638
4541,125.984962899995
4542,195.530596930779
4543,0
4544,0
4545,34.5551846418605
4546,0
4547,65.2534399972432
4548,0
4549,0
4550,0
4551,0
4552,20.0463597397497
4553,74.1280045623676
4554,297.031917808463
4555,64.4554546276271
4556,31.8347799727147
4557,0
4558,0
4559,0
4560,3.51839003876186
4561,0
4562,0
4563,161.108409850522
4564,69.7269943420607
4565,339.990130206129
4566,379.575040814055
4567,85.529522797943
4568,213.424814310049
4569,113.084199424535
4570,0
4571,14.2065577166501
4572,50.4060758474165
4573,0
4574,1349.59880170693
4575,279.077246992101
4576,0
4577,21.6665118538187
4578,65.0841703733852
4579,102.649936182434
4624,122.913928295715
4625,48.943102669787
4626,299.377511167637
4627,111.669588996579
4628,14.0372880927922
4629,98.5995558972611
4630,0
4631,0
4632,0
4633,0
4634,12.6710404145101
4635,0
4636,0
4637,0
4638,0
4639,8.59647875450063
4640,11.4377902978307
4641,0
4642,0
4643,0
4644,0
4645,0
4646,0
4647,0
4648,2.74458604398262
4649,0
4650,2.57531642012466
4651,0
4652,0
4653,0
4654,32.2337726575228
4655,0
4656,0
4657,0
4658,0
4659,35.9939764446531
4660,740.832690189194
4661,0
4662,137.942652756818
4663,20.0705411145866
4664,41.2776068465051
4665,747.676019268023
4666,29.5617307380507
4667,53.7914683245757
4668,48.1451173001709
4669,227.329104841239
4670,27.0831398172734
4671,47.3834039928101
4672,11.6675133587807
4673,24.4110978978014
4674,245.900400715941
4675,14.629731776295
4676,0
4677,0
4678,230.762860068072
4679,0
4680,107.570845961733
4723,0
4725,71.6615043290088
4726,0
4727,4.92090977929924
4728,0
4729,0
4730,17.1083226970723
4731,0
4732,25.4750783906228
4733,0
4734,0
4735,0
4736,0
4737,0
4738,5.85189271051801
4739,0
4740,50.3456224103244
4741,0
4742,34.2166453941446
4743,0
4744,10.2045401811512
4745,0
4746,18.0997590653832
4747,0
4748,0.846348119289795
4749,0
4750,0
4751,0
4752,0
4753,0
4754,85.9768782324247
4755,0
4756,607.339410402357
4757,0
4758,0
4759,7.38741001265807
4760,92.77184456158
4761,43.744107079864
4762,65.4106189336827
4763,13.3239375351051
4764,69.4247271566
4765,116.433319839439
4766,70.1743497765424
4767,0
4768,17.4105898825329
4769,99.1678182059271
4770,3.15566941620909
4771,0
4772,140.783964300148
4773,46.3677862496623
4774,51.1194264051036
4775,33.9385595835208
4776,225.612227227823
4777,537.068335126467
4778,7.95567232132407
4779,27.5909486888473
4780,0
4824,40.1773542914284
4825,1170.75335341357
4826,94.7184452359465
4827,11.9093271071493
4828,113.676643108038
4829,21.3521539809397
4830,0
4831,0
4832,0
4833,19.5022788059206
4834,14.1944670292317
4835,34.1803733318893
4836,0
4837,0
4838,0
4839,0
4840,0
4841,0
4842,0
4843,64.878628687272
4844,14.8473641498267
4845,158.907904740368
4846,29.5496400506323
4847,0
4848,0
4849,9.28564793735089
4850,16.9753251354696
4851,0
4852,44.1551904520904
4853,0
4854,4.60655190642017
4855,34.966268014087
4856,10.1924494937328
4857,0
4858,0
4859,0
4860,0
4861,65.1446238104774
4862,64.6247242514851
4863,0
4864,24.7617278329357
4865,128.318465571751
4866,0
4867,53.3320222026755
4868,650.9384292332
4869,51.4216935905643
4870,27.9536693114001
4871,116.300322277836
4872,0
4873,11.4377902978307
4874,234.341703543926
4875,1045.80818963156
4876,105.720970786714
4877,38.85946936282
4878,58.1562064826273
4922,15.4760798955848
4923,72.3385828244406
4924,0
4925,378.474788258978
4926,68.6388324744024
4927,49.680634602311
4928,19.2362836827152
4929,64.963263499201
4930,112.407120929103
4931,94.7668079856202
4932,44.2035532017642
4933,25.0881763932332
4934,33.0196673397204
4935,0
4936,0
4937,0
4938,8.77783906577701
4939,0
4940,0
4941,0
4942,0
4943,0
4944,13.8317464066789
4945,0
4946,0
4947,0
4948,0
4949,0
4950,457.499521225808
4951,78.6620123442772
4952,14.799001400153
4953,18.1481218150569
4954,0
4955,60.1028071569939
4956,50.7567057825508
4957,37.5415844342116
4958,0
4959,0
4960,22.2589555373216
4961,0
4962,21.049886795479
4963,0
4964,0
4965,545.447181507436
4966,143.298827283181
4967,71.3592371435481
4968,144.386989150839
4969,0
4970,0
4971,354.426410983729
4972,9.24937587509561
4973,72.6166686350644
4974,345.648571917952
4975,0
4976,103.943639736205
4977,22.5007692856901
4978,6.25088539532606
4979,14.1581949669764
5024,8.49975325515323
5025,0
5026,55.9798827473107
5027,18.1843938773122
5028,21.1224309199896
5029,74.6479041213599
5030,825.358685931408
5031,82.1199489459469
5032,0
5033,0
5034,0
5035,0
5036,0
5037,0
5038,0
5039,0
5040,0
5041,0
5042,0
5043,0
5044,0
5045,0
5046,0
5047,0
5048,0
5049,0
5050,141.485224170417
5051,0
5052,0
5053,0
5054,0
5055,0
5056,0
5057,0
5058,0
5059,0
5060,0
5061,0
5062,0
5063,0
5064,0
5065,23.5647497785116
5066,83.5103779990659
5067,0
5068,40.2619891033574
5069,0
5070,0
5071,0
5072,8.12494194518203
5073,0
5074,315.361399934796
5075,64.1048246924928
5076,116.384957089765
5077,488.81440163953
5078,27.0347770675997
5079,0
5122,47.6493991160155
5123,33.5395668987127
5124,18.7042934363045
5125,134.436353405475
5126,22.7667644088955
5127,165.001611199255
5128,9.57582443539311
5129,15.1617220227058
5130,73.8378280643254
5131,101.670590501541
5132,49.9466297255163
5133,29.5012773009586
5134,49.2574605426661
5135,34.4947312047684
5136,69.3159109698342
5137,23.8791076513906
5138,0
5139,81.1526939524729
5140,0
5141,0
5142,0
5143,17.0115971977249
5144,0
5145,0
5146,0
5147,0
5148,0
5149,0
5150,0
5151,0
5152,25.9466151999414
5153,0
5154,23.0569409069377
5155,0
5156,17.6282222560646
5157,0
5158,37.6262192461406
5159,0
5160,109.759260384468
5161,109.58999076061
5162,33.3340252125995
5163,0
5164,57.3461304255928
5165,0
5166,57.2494049262454
5167,20.1068131768418
5168,0
5169,28.5582036823214
5170,0
5171,19.1516488707862
5172,52.2075882727619
5173,125.090252031032
5174,13.9163812186079
5177,218.926077085433
5178,37.4085868726089
5179,0
5221,336.67728185348
5222,87.8146627200255
5223,24.6408209587515
5224,0
5225,50.4181665348349
5226,62.5088539532606
5227,21.0982495451527
5228,0
5229,28.7032919313425
5230,0
5231,0
5232,0
5233,0
5234,46.1985166258044
5235,1175.42035875709
5236,79.3149094648722
5237,85.6746110469641
5238,0
5239,3.92947341098833
5240,0
5241,0
5242,0
5243,83.4982873116475
5244,0
5245,3.79647584938565
5246,51.8569583376276
5247,0
5248,0
5249,0
5250,20.1068131768418
5251,0
5252,0
5253,40.3466239152864
5254,0
5255,300.683305408827
5256,176.935119681241
5257,0
5258,62.0010450816867
5259,0
5260,89.0720942115417
5261,18.4745703753544
5262,28.1954830597686
5263,8.47557188031637
5264,0
5265,0
5266,94.476631487578
5267,10.5309887414487
5268,0
5269,0
5270,0
5271,0
5272,0
5273,94.7184452359465
5274,37.9284864316012
5321,263.87925290714
5322,85.4086159237587
5323,136.153231018891
5324,63.1133883241818
5325,39.4760944211597
5326,0
5327,0
5328,31.5083314124172
5329,0
5330,0
5331,148.376915998919
5332,9.8539102460169
5333,0
5334,0
5335,207.88727947241
5336,80.6327943934806
5337,38.7990159257279
5338,0
5339,0
5340,81.2615101392387
5341,7.42368207491334
5342,0
5343,0
5344,19.4539160562469
5345,0
5346,0
5347,0
5348,0
5349,0
5350,2.7808581062379
5351,0
5352,0
5353,0
5354,0
5355,16.6851486374274
5356,0
5357,0
5358,0
5359,0
5360,0
5361,19.4660067436653
5362,362.031453369919
5363,0
5364,0
5365,0
5366,91.46605032039
5367,0
5368,130.809147179947
5369,7.56877032393445
5370,206.303399420597
5371,18.5833865621202
5372,0
5373,0
5374,0
5420,220.268143388878
5421,60.2116233437597
5422,45.2675336945856
5423,751.508767179664
5424,43.2604795831269
5425,0
5426,100.002075637798
5427,57.6846696733087
5428,32.4755864058913
5429,66.0876974291146
5430,0
5431,14.0977415298843
5432,0
5433,17.0599599473986
5434,7.13350557687113
5435,53.3803849523492
5436,70.73052139779
5437,0
5438,33.4428413993653
5439,0
5440,0
5441,0
5442,0
5443,44.626727261409
5444,546.607887499605
5445,116.880675273921
5446,0
5447,0
5448,0
5449,0
5450,123.784457789842
5451,0
5452,23.7340194023695
5453,0
5454,4.92090977929924
5455,0
5456,68.7839207234235
5457,0
5458,0
5459,0
5460,24.0121052129933
5461,0
5462,26.5390588834443
5463,332.904987378932
5464,0
5465,675.651794316462
5466,32.1370471581754
5467,6.89169182850262
5468,32.4514050310544
5469,17.2171388838381
5470,6.21461333307078
5471,9.04383418898238
5472,2.23677717240874
5473,95.528521292981
5474,0
5475,0
5476,32.5964932800755
5517,56.0524268718213
5519,100.945149256436
5520,209.833880146777
5521,39.1496458608622
5522,144.45953327535
5523,170.394057787873
5524,91.4539596329715
5525,102.287215559881
5526,49.2574605426661
5527,181.650487774427
5528,78.3960172210719
5529,29.5496400506323
5530,229.263614828187
5531,0
5532,36.8524152513614
5533,0
5534,26.2851544476573
5535,0
5536,34.966268014087
5537,377.979070074822
5538,0
5539,0
5540,0
5541,0
5542,57.2131328639901
5543,33.5395668987127
5544,95.3834330439599
5545,0
5546,0
5547,0
5548,0
5549,0
5550,49.8257228513321
5551,0
5552,38.7143811137989
5553,0
5554,0
5555,0
5556,41.5315112822921
5557,0
5558,0
5559,0
5560,1.80151242534542
5561,0
5562,0
5563,0
5564,0
5565,97.4993033421844
5566,30.9158877289144
5567,9.84181955859847
5568,23.9153797136459
5569,0
5570,2.61158848237994
5571,0
5572,0
5573,0
5574,23.0690315943561
5575,4.34055678321481
5576,0
5619,50.4907106593455
5620,34.627728766371
5621,312.955353138529
5622,75.361254679047
5623,82.1683116956207
5624,107.413667025293
5625,98.6841907091901
5626,247.701913141286
5627,51.8569583376276
5628,14.2186484040686
5629,68.0947515405732
5630,0
5631,30.0211768599509
5632,15.9717980797403
5633,0
5634,0
5635,0
5636,0
5637,37.154682436822
5638,0
5639,0
5640,0
5641,0
5642,0
5643,0
5644,0
5645,0
5646,150.166337736846
5647,0
5648,97.7894798402266
5649,45.5093474429541
5650,0
5651,0
5652,0
5653,0
5654,484.776112041776
5655,43.0307565221769
5656,0
5657,0
5658,0
5659,0
5660,0
5661,0
5662,167.613199681635
5663,27.7481276252868
5664,13.7108395324947
5665,18.0151242534542
5666,19.514369493339
5667,0
5668,0
5669,20.2881734881182
5670,0
5671,0
5672,77.4892156646899
5673,0
5674,0
5675,0
5676,225.24950660527
5718,16.9390530732143
5719,47.6614898034339
5720,23.008578157264
5721,43.2725702705454
5722,0
5723,76.0866959241526
5724,141.811672730714
5725,143.649457218315
5726,35.3168979492213
5727,152.427296284092
5728,60.5501625914756
5729,0
5730,39.7420895443651
5731,19.8166366787996
5732,128.209649384986
5733,13.3481189099419
5734,81.9748606969259
5735,21.7995094154214
5736,0
5737,10.2408122434065
5738,71.7098670786825
5739,0
5740,0
5741,0
5742,0
5743,0
5744,0
5745,24.3990072103829
5746,0
5747,0
5748,40.2740797907758
5749,859.44233376395
5750,0
5751,32.838307028444
5752,0
5753,29.1990101154979
5754,319.1699664716
5755,0
5756,0
5757,0
5758,0
5759,27.3612256278972
5760,0
5761,0
5762,0
5763,0
5764,0
5765,264.036431843579
5766,22.27104622474
5767,29.4408238638664
5768,0
5769,104.1370907349
5770,287.286823749212
5771,0
5772,14.0493787802106
5773,0
5774,0
5775,8.78992975319544
5776,0
5777,23.9879238381565
5818,55.4599831883184
5819,31.5687848495094
5820,25.8257083257572
5821,129.055997504275
5822,167.576927619379
5823,192.096841703947
5824,114.631807414094
5825,196.316491612977
5826,301.904464838088
5827,778.869992807561
5828,50.9501567812457
5829,19.0065606217651
5830,95.2987982320309
5831,12.2236849800283
5832,48.7254702962553
5833,0
5834,0
5835,0
5836,26.5995123205364
5837,70.8756096468111
5838,0
5839,0
5840,98.6237372720979
5841,0
5842,0
5843,31.133520102446
5844,2.68413260689049
5845,17.640312943483
5846,17.1687761341644
5847,55.7138876241054
5848,82.265037194968
5849,112.382939554266
5850,83.9093706838739
5851,0
5852,0
5853,61.0579714630495
5854,0
5855,23.0811222817745
5856,2.09168892338764
5857,0
5858,0
5859,0
5860,0
5861,0
5862,0
5863,20.5541686113236
5864,0
5865,0
5866,77.150676416974
5867,7.36322863782121
5868,54.6499071312839
5869,42.6438545247872
5870,7.0246893901053
5871,0
5872,16.5642417632431
5873,0
5874,0
5875,0
5876,0
5877,147.337116880935
5878,56.584417118232
5918,62.8836652632318
5919,227.583009277026
5920,31.7743265356226
5921,79.6655394000066
5922,467.752424156633
5923,1261.37305561467
5924,234.269159419415
5925,155.474149513535
5927,295.762395629528
5928,257.58000476214
5930,22.4524065360164
5931,91.6957733813401
5932,0
5933,41.5556926571289
5934,17.8458546295962
5935,97.2574895938159
5936,0
5937,35.9093416327242
5938,29.2836449274269
5939,0
5940,0
5941,0
5942,35.0871748882712
5943,55.8710665605449
5944,33.0196673397204
5945,0
5946,8.23375813194786
5947,327.814807975774
5948,25.9103431376862
5949,27.72394625045
5950,0
5951,8.30630225645841
5952,0
5953,0
5954,0
5955,0
5956,0
5957,0
5958,18.9823792469283
5959,16.020160829414
5960,0
5961,30.1058116718798
5962,0
5963,18.293210064078
5964,0
5965,0
5966,57.3703118004297
5967,8.35466500613212
5968,66.2569670529725
5969,107.546664586896
5970,0
5971,2.27304923466402
5972,86.581412603346
5973,25.5718038899702
5974,16.1531583910167
5975,63.0287535122529
5976,0
5977,0
5978,27.1435932543656
5979,30.6982553553827
6018,127.32702920344
6019,243.228358796469
6020,84.5501771170505
6021,137.180939449457
6022,1157.7800458136
6023,4037.02007557523
6024,363.167977987251
6025,193.753265880271
6026,194.22480268959
6028,0
6029,39.4760944211597
6030,69.0620065340473
6031,68.0342981034811
6032,5.48917208796524
6033,379.695947688239
6034,84.5380864296321
6035,0
6036,95.6373374797468
6037,621.038159247433
6038,550.392272661572
6039,141.146684922701
6040,63.6937413202663
6041,10.567260803704
6042,33.5274762112943
6043,0
6044,28.7032919313425
6045,237.642461209156
6046,15.3430823339821
6047,15.9476167049034
6048,15.1496313352873
6049,0
6050,0
6051,0
6052,36.3808784420427
6053,0
6054,0
6055,0
6056,15.28262889689
6057,0
6058,0
6059,0
6060,0
6061,0
6062,0
6063,0
6064,11.7158761084544
6065,0
6066,427.949881175176
6067,2356.41452441407
6068,70.4282542123294
6069,18.6559306866308
6070,0
6071,0
6072,0
6073,1425.86685794235
6074,56.6448705553241
6075,0
6076,0
6077,0
6078,51.7723235256986
6079,0
6112,10.2529029308249
6116,48.7980144207659
6117,525.823995827331
6118,987.736617960864
6119,212.699373064944
6120,183.633360511049
6121,104.548174107127
6122,257.543732699885
6123,327.85108003803
6124,135.826782458594
6125,196.618758798438
6126,54.2992771961495
6127,220.655045386268
6128,108.139108270399
6129,152.064575661539
6130,183.427818824935
6131,25.4146249535307
6132,111.258505624353
6133,36.1269740062558
6134,0
6135,10.8211652394909
6136,0
6137,186.196586243755
6138,2221.80890138473
6139,219.675699705375
6140,175.218242067824
6141,18.293210064078
6142,0
6143,19.4660067436653
6144,18.1481218150569
6145,0
6146,0
6147,66.6075969881069
6148,0
6149,0
6150,0
6151,0
6152,0
6153,128.511916570446
6154,0
6155,0
6156,0
6157,0
6158,4.05038028517259
6159,0
6160,7.08514282719743
6161,0
6162,9.35819206186144
6163,12.9974889748076
6164,0
6165,3.65138760036454
6166,0
6167,10.9541628010936
6168,24.9793602064674
6169,0
6170,67.1637686093544
6171,0
6172,0
6173,32.1975005952675
6174,4.26801265870425
6175,63.9718271308901
6176,0
6177,37.5778564964669
6178,51.5184190899117
6179,0
6180,0
6212,10.9783441759305
6213,0
6214,1.43879180279265
6216,0
6217,73.3300191927515
6218,225.745224789425
6219,191.709939706557
6220,97.5113940296028
6221,157.033848190512
6222,86.6781381026934
6223,143.141648346741
6224,123.554734728892
6225,55.8952479353817
6226,88.3829250286914
6227,22.5612227227822
6228,53.489201139115
6229,2132.64008167384
6230,380.977560554592
6231,254.496879470441
6232,0
6233,0
6234,0
6235,20.7838916722737
6236,16.6972393248458
6237,19.3692812443179
6238,42.5592197128583
6239,0
6240,0
6241,0
6242,138.184466505187
6243,12.7194031641838
6244,0
6245,0
6246,0
6247,28.4856595578108
6248,12.187412917773
6249,93.2433813708985
6250,0
6251,38.0252119309486
6252,36.6347828778297
6253,0
6254,0
6255,0
6256,0
6257,2.58740710754309
6258,0
6259,86.0615130443537
6260,0
6261,0
6262,49.6564532274741
6263,35.0025400763422
6264,0
6265,0
6266,0
6267,86.7023194775303
6268,0
6269,10.9904348633489
6270,30.4201695447589
6271,0
6272,0
6273,0
6274,0
6275,14.4483714650186
6276,0
6277,17.3984991951145
6278,772.58283534998
6279,424.504035260924
6280,72.0000435767247
6281,0
6282,0
6312,60.2962581556887
6314,0
6315,93.7753716173093
6316,20.0221783649129
6317,30.6378019182906
6318,117.001582148105
6319,90.4383418898238
6320,127.955744949199
6321,81.4307797630967
6322,56.9471377407848
6323,117.110398334871
6324,55.1939880651131
6325,29.2231914903348
6326,35.2564445121292
6327,36.4655132539717
6328,25.6080759522255
6329,187.018752988208
6330,153.007649280177
6331,46.1622445635491
6332,0
6333,143.552731718968
6334,0
6335,0
6336,5.10227009057562
6337,0
6338,0
6339,61.3239665862549
6340,0
6341,15.2221754597979
6342,635.19635421441
6343,44.3244600759484
6344,0
6345,0
6346,0
6347,58.0111182336062
6348,0
6349,0
6350,58.8332849780592
6351,69.4972712811106
6352,0
6353,3.60302485069084
6354,23.8911983388091
6355,2.07959823596921
6356,10.5068073666119
6357,0
6358,0
6359,0
6360,0
6361,0
6362,65.2171679349879
6363,0
6364,0
6365,0
6366,0
6367,0
6368,29.4770959261217
6369,0
6370,0
6371,0
6372,1.12443392991358
6373,0
6374,0
6375,0
6376,0
6377,10.6881676778883
6378,136.455498204352
6379,101.29577919157
6380,0
6381,26.6236936953733
6382,0
6383,71.5164160799877
6412,25.5838945773887
6413,96.2176904758313
6414,78.0332965985191
6415,106.651953717933
6416,83.5466500613212
6417,89.4589962089313
6418,83.486196624229
6419,45.0619920084724
6420,97.3058523434896
6421,63.4519275718978
6422,60.0665350947386
6423,12.4050452913047
6424,57.4065838626849
6425,35.6433465095188
6426,0
6427,10.5188980540303
6428,137.712929695868
6429,39.5728199205071
6430,89.7491727069735
6431,27.7602183127053
6432,56.0645175592397
6433,181.263585777037
6434,66.498780801341
6435,26.0796127615441
6436,72.8584823834329
6437,12.4171359787231
6438,0
6439,0
6440,0
6441,0
6442,0
6443,74.962261994239
6444,51.8569583376276
6445,35.0750842008528
6446,87.2826724736147
6447,17.7974918799225
6448,0
6449,65.7733395562355
6450,14.2428297789054
6451,176.814212807057
6452,0
6453,0
6454,0
6455,32.9592139026283
6456,13.8680184689342
6457,10.5914421785409
6458,0
6459,0
6460,0
6461,0
6462,0
6463,0
6464,0
6465,0
6466,0
6467,0
6468,15.2221754597979
6469,0
6470,0
6471,0
6472,0
6473,36.7677804394324
6474,187.0792064253
6475,10.8332559269094
6476,101.489230190265
6477,0
6478,769.427165933771
6479,67.0549524225886
6480,22.2589555373216
6481,170.805141160099
6482,0
6483,525.715179640565
6510,0
6512,109.976892758
6513,112.116944431061
6514,352.056636249718
6515,902.485180973545
6516,178.615725232402
6517,106.784951279535
6518,51.4337842779827
6519,156.405132444754
6520,52.9088481430306
6521,20.4453524245578
6522,32.3184074694517
6523,0
6524,170.551236724312
6525,60.6227067159862
6526,42.0514108412844
6527,0
6528,16.503788326151
6529,22.3073182869953
6530,0
6531,61.6020523968786
6532,14.9682710240109
6533,15.3793543962374
6534,16.1410677035982
6535,95.2867075446125
6536,0
6537,0
6538,27.6272207511026
6539,47.1899529941153
6540,217.608192156825
6541,7.19395901396326
6542,18.293210064078
6543,0
6544,165.013701886673
6545,75.8327914883656
6546,0
6547,47.7582153027813
6548,0
6549,12.0665060435888
6550,40.5400749139812
6551,0
6552,23.5647497785116
6553,0
6554,0
6555,0
6556,40.1169008543363
6557,491.438080809329
6558,27.5788580014289
6559,61.3118758988364
6560,0
6561,0
6562,0
6563,0
6564,0
6565,0
6566,0
6567,0
6568,0
6569,29.4408238638664
6570,16.7214206996827
6571,0
6572,20.3486269252104
6573,0
6574,3.79647584938565
6575,0
6576,0
6577,34.881633202158
6578,75.1919850551891
6579,73.7169211901411
6580,65.3138934343353
6581,233.060090677573
6582,2000.50095887787
6583,0
6611,1210.02390614862
6612,165.702871069523
6613,239.359338822572
6614,46.6579627477046
6615,148.848452808238
6616,82.265037194968
6617,37.0458662500562
6618,50.8292499070614
6619,11.4982437349228
6620,25.450897015786
6621,135.294792212183
6622,102.420213121484
6623,31.1456107898645
6624,0
6625,0
6626,11.13552311237
6627,54.1783703219653
6628,155.292789202259
6629,39.7058174821098
6630,0
6631,179.679705725223
6632,26.0070686370336
6633,82.9058436281446
6634,147.724018878324
6635,180.719504843208
6636,28.3526619962081
6637,0
6638,0
6639,25.4267156409491
6640,0
6641,0
6642,0
6643,0
6644,27.2524094411314
6645,139.187993560916
6646,2545.36778738922
6647,138.075650318421
6648,162.124027593669
6649,0
6650,36.1874274433479
6651,0
6652,15.7178936439533
6653,0
6654,0
6655,0
6656,37.6624913083959
6657,50.6116175335297
6658,15.9959794545771
6659,0
6660,3.42166453941446
6661,0
6662,1.4146104279558
6663,0
6664,66.2327856781357
6665,0
6666,0
6667,0
6668,95.2383447949388
6669,0
6670,0
6671,0
6672,0
6673,0
6674,0
6675,102.178399373115
6676,24.0241959004118
6677,0
6678,65.3138934343353
6679,0
6680,131.933581109861
6681,468.441593339483
6682,328.491886471206
6683,21.7148746034925
6705,141.146684922701
6706,48.3022962366104
6708,117.739114080629
6709,134.738620590935
6710,360.447573318105
6711,301.541744215536
6712,280.709489793588
6713,165.49732938341
6714,68.5300162876365
6715,151.568857477384
6716,32.7174001542598
6717,38.2549349918987
6718,133.916453846482
6719,76.2922376102658
6720,66.9703176106596
6721,68.5179256002181
6722,138.196557192605
6723,145.559785830426
6724,81.8176817604863
6725,74.9501713068206
6726,0
6727,36.417150504298
6728,40.6005283510733
6729,0
6730,37.5294937467932
6731,0
6732,45.7511611913226
6733,4.09874303484629
6734,231.875203310567
6735,1924.90998113787
6736,135.875145208267
6737,0
6738,0
6739,21.9325069770241
6740,0
6741,33.3944786496916
6742,5.86398339793644
6743,0
6744,0
6745,0
6746,33.5879296483864
6747,62.4967632658421
6748,0
6749,0
6750,16.6367858877537
6751,453.364506128706
6752,147.893288502182
6753,49.0761002313897
6754,0
6755,38.6418369892883
6756,132.465571356271
6757,121.777403678383
6758,75.6514311770892
6759,12.3687732290494
6760,0
6761,0
6762,15.766256393627
6763,0
6764,0
6765,0
6766,0
6767,0
6768,18.692202748886
6769,0
6770,0
6771,25.8619803880124
6772,0
6773,7.85894682197667
6774,5.17481421508617
6775,19.5506415555943
6776,69.2554575327421
6777,63.9476457560532
6778,41.132518597484
6779,0
6780,0
6781,333.291889376321
6782,17.7733105050857
6783,0
6805,118.621734262174
6806,194.805155685674
6807,252.090832674175
6808,269.320062245431
6809,120.532062874285
6810,96.580411098384
6811,81.8418631353232
6812,25.3178994541833
6813,28.7274733061793
6814,63.488199634153
6815,110.726515377942
6816,63.4640182593162
6817,29.8760886109298
6818,55.278622877042
6819,41.9909574041922
6820,67.3330382332124
6821,170.067609227575
6822,580.159545085736
6823,214.017257993552
6824,48.3264776114473
6825,99.1799088933455
6826,68.7839207234235
6827,29.7551817367455
6828,787.309292625623
6829,109.239360825476
6830,13.3481189099419
6831,0
6832,0
6833,20.4211710497209
6834,76.8604999189318
6835,236.796113089866
6836,81.4428704505151
6837,0
6838,31.4357872879067
6839,1.29370355377154
6840,0
6841,0
6842,180.634870031279
6843,0
6844,25.0277229561411
6845,0
6846,22.0896859134636
6847,74.3456369358993
6848,12.187412917773
6849,39.8750871059678
6850,1.40251974053737
6851,0
6852,64.7456311256693
6853,6.89169182850262
6854,0
6855,88.2378367796703
6856,0
6857,0
6858,0
6859,0
6860,0
6861,0
6862,37.9043050567644
6863,0
6864,0
6865,0
6866,0
6867,285.340223074845
6868,16.6005138254984
6869,47.0932274947679
6870,0
6871,11.8851457323124
6872,0
6873,10.6156235533777
6874,0
6875,0
6876,49.2695512300845
6877,238.259086267496
6878,100.159254574238
6879,70.5612517739321
6880,57.0438632401322
6881,123.699822977913
6882,71.9758622018878
6883,57.6483976110534
6904,35.7763440711215
6905,50.3093503480691
6906,122.756749359276
6907,866.515385903729
6908,129.442899501665
6909,64.8181752501799
6910,61.9405916445946
6911,17.0478692599802
6912,0
6913,32.4876770933097
6914,260.143230494846
6915,26.502786821189
6916,40.9753396610445
6917,0
6918,56.669051930161
6919,0
6920,69.763266404316
6921,244.800148160864
6922,2946.7423376187
6923,439.556941096864
6924,162.65601784008
6925,32.8987604655362
6926,231.355303751575
6927,47.5768549915049
6928,107.050946402741
6929,81.6242307617915
6930,24.3385537732908
6931,9.56373374797468
6932,0
6933,67.5506706067441
6934,12.2962291045389
6935,60.6831601530783
6936,47.3350412431364
6937,0
6938,110.218706506368
6939,0
6940,0
6941,41.6765995313132
6942,0
6943,0
6944,10.1199053692223
6945,0
6946,32.8503977158625
6947,0
6948,131.24441192701
6949,0
6950,40.3708052901232
6951,125.525516778095
6952,65.0962610608037
6953,0
6954,20.5904406735789
6955,359.540771761723
6956,0
6957,0
6958,0
6959,0
6960,0
6961,0
6962,0
6963,3.03476254202484
6964,1.71687761341644
6965,9.58791512281153
6966,0
6967,0
6968,0
6969,0
6970,0.411083372226472
6971,0
6972,103.786460799766
6973,0
6974,0
6975,38.1823908673882
6976,423.935772952258
6977,39.7299988569466
6978,52.3405858343646
6979,20.9531612961316
6980,44.0947370149983
6981,157.20311781437
6982,940.316941905799
6983,72.03631563898
7002,0
7003,0
7004,49.6443625400557
7005,188.372909979071
7006,23.5284777162563
7007,115.369339346617
7008,23.0206688446824
7009,8.78992975319544
7010,49.3179139797582
7011,36.2841529426953
7012,0
7013,35.2080817624555
7014,17.6886756931567
7015,139.00663324964
7016,25.7894362635019
7017,6.61360601787883
7018,48.6650168591632
7019,54.9038115670708
7020,86.7144101649487
7021,192.483743701336
7022,280.286315733943
7023,263.87925290714
7024,159.572892548382
7025,63.4156555096425
7026,47.9395756140577
7027,17.9667615037805
7028,0
7029,10.9058000514199
7030,15.3430823339821
7031,0
7032,4.96927252897294
7033,0
7034,49.2332791678292
7035,7.24232176363696
7036,25.5838945773887
7037,0
7038,22.3435903492506
7039,0
7040,0
7041,41.0599744729735
7042,0
7043,0
7044,0
7045,8.98338075189025
7046,0
7047,37.8438516196723
7048,18.8735630601624
7049,98.1038377131057
7050,30.480622981851
7051,164.11899101771
7052,0
7053,0
7054,62.1944960803815
7055,0
7056,0
7057,0
7058,0
7059,11.1113417375332
7060,1514.45532465716
7061,34.4705498299315
7062,0
7063,28.8241988055267
7064,61.4206920856023
7065,0
7066,0
7067,19.2241929952968
7068,0
7069,0
7070,0
7071,0
7072,18.0393056282911
7073,67.6836681683467
7074,13.7712929695868
7075,271.532658043003
7076,30.3718067950852
7077,38.5330208025225
7078,0
7079,106.422230656982
7080,94.875624172386
7081,84.1995471819162
7082,241.704932181747
7083,36.2841529426953
7106,45.7511611913226
7107,62.5934887651895
7108,55.0368091286735
7109,0
7110,0
7111,17.2534109460934
7112,38.9803762370043
7113,9.53955237313783
7114,30.819162229567
7115,53.8640124490862
7116,30.3476254202484
7117,86.5330498536723
7118,0
7119,93.8358250544014
7120,53.827740386831
7121,65.9909719297671
7122,111.173870812424
7123,109.868076571234
7124,72.9672985701987
7125,40.0443567298257
7126,316.860645174681
7127,82.7607553791235
7128,23.5163870288379
7129,38.1823908673882
7130,28.2559364968607
7131,5.53753483763894
7132,46.3073328125702
7133,0
7134,0
7135,0
7136,64.8423566250167
7137,0
7138,0
7139,126.903855143796
7140,0
7141,3.84483859905935
7142,18.1843938773122
7143,69.1587320333947
7144,23.1657570937035
7145,0
7146,0
7147,336.641009791225
7148,0
7149,42.4141314638371
7150,70.2227125262161
7151,411.458183536443
7152,366.771002837942
7153,374.835491346032
7154,0
7155,28.9330149922926
7156,0
7157,0
7158,0
7159,47.8307594272918
7160,21.049886795479
7161,0
7162,0
7163,35.6675278843556
7164,0
7165,0
7166,0
7167,4.25592197128583
7168,0
7169,0
7170,0
7171,79.8227183364461
7172,11.7158761084544
7173,6.28715745758133
7174,0
7175,83.0267505023289
7176,0
7177,77.2836739785767
7178,31.4841500375804
7179,247.508462142591
7180,15.2463568346347
7181,42.8735775857373
7182,138.764819501271
7183,95.4680678558888
7184,48.6045634220711
7204,150.226791173939
7205,34.7849077028106
7206,43.6473815805166
7207,46.6216906854493
7208,64.4070918779534
7209,33.7813806470812
7210,104.221725546829
7211,19.030741996602
7212,13.1667585986655
7213,0
7214,11.873055044894
7215,64.0201898805638
7216,56.8745936162742
7217,35.6796185717741
7218,29.2957356148453
7219,8.35466500613212
7220,44.880631697196
7221,60.3808929676177
7222,108.634826454554
7223,0
7224,16.0685235790877
7225,56.415147494374
7226,66.58341561327
7227,10.6639863030514
7228,42.3899500890003
7229,0
7230,28.9330149922926
7231,4.18337784677527
7232,28.5702943697398
7233,0
7234,368.669240762635
7235,0
7236,0
7237,0
7238,0
7239,41.9425946545185
7240,42.6801265870425
7241,0
7242,0
7243,643.611472657634
7244,16.2257025155272
7245,85.360253174085
7246,0
7247,0
7248,94.4403594253227
7249,305.023862192042
7250,102.057492498931
7251,322.954351633567
7252,42.9582123976663
7253,0
7254,35.2201724498739
7255,0.628715745758133
7256,73.487198129191
7257,0
7258,173.525545829245
7259,17.7007663805751
7260,0
7261,0
7262,0
7263,0
7264,0
7265,28.5098409326477
7266,43.8166512043745
7267,41.6282367816395
7268,0.580352996084431
7269,0
7270,0
7271,0
7272,0
7273,0
7274,0
7275,0
7276,0
7277,53.6826521378099
7278,90.7043370130292
7279,78.2025662223771
7280,11.9214177945677
7281,18.946107184673
7282,142.899834598373
7283,169.221261108285
7284,188.832356100972
7302,32.6448560297492
7303,106.51895615633
7304,0
7305,201.781482326106
7306,63.8871923189611
7307,27.1435932543656
7308,13.0579424118997
7309,11.7763295455466
7310,16.1410677035982
7311,27.0347770675997
7312,0
7313,7.50831688684232
7314,16.6367858877537
7315,114.305358853796
7316,225.237415917851
7317,194.974425309532
7318,35.0750842008528
7319,35.7158906340293
7320,330.498940582665
7321,58.5551991674354
7322,0
7323,21.9808697266978
7324,16.2982466400378
7325,12.9370355377154
7326,41.5315112822921
7327,13.9768346557
7328,0
7329,15.0166337736846
7330,0
7331,51.8327769627907
7332,0
7333,0
7334,0
7335,0
7336,1.42670111537423
7337,48.6529261717448
7338,0
7339,0
7340,37.7350354329064
7341,0
7342,27.5063138769183
7343,0
7344,85.0942580508797
7345,119.963800565619
7346,113.084199424535
7347,183.669632573304
7348,571.478431519306
7349,880.322950935571
7350,1575.74301918116
7351,996.562819776315
7352,55.278622877042
7353,102.105855248605
7354,0
7355,152.415205596674
7356,0
7357,33.3098438377626
7358,10.1319960566407
7359,0
7360,35.280625886966
7361,0
7362,1.14861530475044
7363,0
7364,0
7365,0
7366,25.8982524502677
7367,9.76927543408792
7368,0
7369,3.94156409840676
7370,0
7371,7.00050801526845
7372,5.59798827473107
7373,0
7374,20.9531612961316
7375,86.496777791417
7376,4.47355434481749
7377,15.6332588320244
7378,18.7405654985597
7379,0
7380,92.9290234980195
7381,80.729519892828
7382,292.256096278185
7383,152.898833093411
7384,525.533819329289
7401,0
7403,181.989027022143
7404,2011.90247711344
7405,451.176091705971
7406,303.838974825036
7407,35.933523007561
7408,73.57183294112
7409,40.7577072875128
7410,0
7411,0
7412,27.4700418146631
7413,122.297303237375
7414,67.1395872345176
7415,233.060090677573
7416,959.879674148812
7417,120.556244249122
7418,54.1541889471284
7419,83.6675569355054
7420,155.147700953238
7421,155.836870136088
7422,125.319975091982
7423,32.7657629039335
7424,0
7425,33.1889369635784
7426,40.0443567298257
7427,0
7428,52.8000319562648
7429,54.226733071639
7430,18.0755776905463
7431,89.8579888937394
7432,0
7433,0
7434,0
7435,52.2196789601803
7436,0
7437,0
7438,1.13652461733201
7439,0
7440,0
7441,0
7442,0
7443,69.8841732785002
7444,0
7445,313.463162010103
7446,100.90887719418
7447,677.803936676941
7448,1352.97210349667
7449,5529.38571431892
7450,1872.65403011544
7451,234.124071170394
7452,162.269115842691
7453,0
7454,0
7455,0
7456,14.629731776295
7457,0
7458,0
7459,0
7460,0
7461,20.6992568603447
7462,0
7463,22.3194089744137
7464,0
7465,18.8010189356519
7466,319.931679778961
7467,7.56877032393445
7468,56.9592284282032
7469,7.26650313847381
7470,24.6166395839146
7471,32.2579540323596
7472,2.57531642012466
7473,323.135711944844
7474,839.831238771263
7475,201.624303389666
7476,244.074706915758
7477,6.81914770399206
7478,13.2876654728498
7479,20.5783499861604
7480,18.462479687936
7481,0
7482,251.159849742956
7483,558.444670482244
7484,3880.25222250792
7501,10.6035328659593
7503,115.236341785015
7504,177.503381989907
7505,221.731116566508
7506,182.47265451888
7507,193.716993818016
7508,76.9814067931161
7509,236.820294464703
7510,76.8604999189318
7511,59.5345448483279
7512,133.32401016298
7513,155.873142198343
7514,61.4448734604391
7515,139.054995999313
7518,83.9698241209661
7519,61.4448734604391
7520,198.323545724436
7521,621.279972995802
7522,62.9683000751607
7524,8.97129006447183
7525,102.891749930802
7526,25.6927107641545
7527,0
7528,0
7529,76.5219606712159
7530,209.906424271288
7531,18.776837560815
7532,0
7533,0
7534,168.096827178372
7535,10.7123490527251
7536,13.3239375351051
7537,0
7538,96.5199576612919
7539,15.3551730214006
7540,91.8771336926164
7541,77.7552107878953
7542,425.640559878256
7543,33.1163928390678
7544,63.6332878831742
7545,36.501785316227
7546,666.547506690387
7547,2407.25586500855
7548,4456.91755892973
7549,8283.28158761373
7550,4520.82893262353
7551,1276.59523107447
7552,140.650966738545
7553,60.0665350947386
7554,34.6640008286263
7555,66.1965136158804
7556,0
7557,23.3592080923983
7558,62.5088539532606
7559,13.1667585986655
7560,27.3007721908051
7561,6.34761089467346
7562,0
7563,172.328567774821
7564,2.80503948107475
7565,33.5153855238759
7566,16.2136118281088
7567,203.099367254714
7568,0
7569,0
7570,75.2040757426075
7571,54.1662796345469
7572,243.119542609703
7573,553.342400391668
7574,1935.07824925677
7575,0
7576,0
7577,0
7578,0
7579,187.018752988208
7580,15.5486240200954
7581,80.6327943934806
7582,87.6574837835859
7583,97.9587494640845
7584,768.604999189318
7585,55.7985224360343
7604,121.076143808114
7605,60.8040670272625
7606,55.1456253154394
7607,110.8957850018
7608,164.372895453497
7609,73.9345535636728
7610,72.1572225131642
7611,116.892765961339
7612,45.7753425661595
7613,69.8599919036634
7614,95.927513977789
7615,54.4685468200075
7624,77.0176788553713
7625,6.67405945497095
7626,48.3506589862841
7627,15.0891778981952
7628,217.039929848159
7629,0
7630,8.70529494126646
7631,0
7632,0
7633,0
7634,15.9959794545771
7635,0
7636,23.7702914646248
7637,39.1012831111885
7638,28.4493874955555
7639,5.94861820986542
7640,54.2025516968022
7641,0
7642,0
7643,142.428297789054
7644,11.0750696752779
7645,81.8055910730679
7646,687.004949802363
7647,2635.45549934391
7648,10384.6793329984
7649,32947.9816540166
7650,7905.10906654022
7651,1988.97853376811
7652,602.128324125015
7653,176.125043624206
7654,215.576956670529
7655,0
7656,0
7657,44.626727261409
7658,0
7659,6.86751045366576
7660,0
7661,0
7662,0
7663,0
7664,0
7665,0
7666,36.0423391943268
7667,9.62418718506681
7668,0
7669,8.94710868963497
7670,0
7671,0
7672,0
7673,187.913463857171
7674,33.1405742139047
7675,0
7676,16.1168863287614
7677,41.0116117232998
7678,1.35415699086367
7679,13.5294792212183
7680,36.6952363149218
7681,223.339177993158
7682,57.4670372997771
7683,31.87105203497
7684,448.431505661989
7685,255.137685903618
7708,28.2317551220239
7711,463.532774247602
7712,128.270102822078
7713,90.5229767017528
7714,144.6892563363
7724,269.852052491842
7725,17.6886756931567
7726,0
7727,0
7728,0
7729,73.741102564978
7730,87.3310352232884
7731,0.616625058339708
7732,100.872605131925
7733,0
7734,0
7735,43.1516633963611
7736,0
7737,0
7738,0
7739,0
7740,61.6262337717155
7741,31.2544269766303
7742,46.5612372483571
7743,18.5471144998649
7744,22.6095854724559
7745,554.152476448702
7746,1068.20014273049
7747,2086.90101116994
7748,8580.36186817187
7749,10294.4586234821
7750,5419.65063530929
7751,759.839250810959
7752,839.722422584498
7753,73.5597422537016
7754,165.569873507921
7755,58.2529319819748
7756,2.44231885852198
7757,0
7758,0
7759,40.1894449788468
7760,21.8357814776767
7761,55.6655248744317
7762,628.159574136886
7763,0
7764,0
7765,0
7766,0
7767,0
7768,1.35415699086367
7769,0
7770,51.6151445892591
7771,0
7772,13.8196557192605
7773,249.708967252745
7774,14.3274645908344
7775,0
7776,2.17632373531662
7777,42.1844084028871
7778,3.86901997389621
7779,0
7780,17.9304894415252
7781,20.2639921132814
7782,50.647889595785
7783,153.890269461722
7784,493.735311418829
7785,119.927528503364
7786,70.6337958984426
7813,44.7234527607564
7814,10.2770843056618
7824,0
7825,0
7826,0
7827,52.0745907111592
7828,104.681171668729
7829,0
7830,41.1687906597393
7831,7.39950070007649
7832,32.6448560297492
7833,53.5859266384624
7834,0
7835,79.2181839655248
7836,1.84987517501912
7837,0
7838,57.0922259898059
7839,0
7840,27.2645001285498
7841,711.815040384973
7842,8.71738562868489
7843,46.4040583119176
7844,131.002598178642
7845,828.393448473433
7846,314.539233190343
7847,2625.2146871005
7848,1562.44326302089
7849,1094.56993199007
7850,730.785328944483
7851,261.219301675086
7852,162.450476153967
7853,88.2257460922519
7854,22.4524065360164
7855,12.5622242277442
7856,203.595085438869
7857,34.8937238895764
7858,24.7859092077726
7859,315.397671997051
7860,108.610645079718
7861,0
7862,0
7863,0
7864,0
7865,0
7866,0
7867,0
7868,0
7869,0
7870,2.88967429300373
7871,0
7872,49.511364978453
7873,43.9980115156509
7874,43.2967516453822
7875,29.2473728651716
7876,69.6907222798054
7877,3.84483859905935
7878,12.2115942926099
7879,135.899326583104
7880,34.4221870802578
7881,47.6131270537602
7882,0
7883,180.465600407421
7884,110.27915994346
7885,57.9990275461878
7886,91.6474106316664
7924,167.250479059082
7925,5.24735833959673
7926,12.5380428529074
7927,233.168906864338
7928,0
7929,18.0634870031279
7930,38.8836507376569
7931,90.244890891129
7932,100.534065884209
7933,146.551222198737
7934,6.23879470790763
7935,272.064648289414
7936,0
7937,22.6216761598744
7938,148.824271433401
7939,30.2146278586457
7940,49.8136321639136
7941,18.5108424376097
7942,171.857030965502
7943,347.256633344603
7944,37.4811309971195
7945,68.5300162876365
7946,40.2740797907758
7947,63.7662854447768
7948,596.590789287376
7949,592.153507004814
7950,429.424945040223
7951,51.6030539018406
7952,11.6554226713623
7953,3.7722944745488
7954,45.6665263793937
7955,28.4977502452292
7956,15.9113446426481
7957,0
7958,8.42720913064267
7959,6.48060845627614
7960,36.1753367559295
7961,8.83829250286914
7962,64.5521801269745
7963,53.9849193232705
7964,0
7965,0
7966,79.9919879603041
7967,0
7968,216.701390600443
7969,28.3042992465344
7970,0
7971,0
7972,110.980419813729
7973,702.867931695338
7974,1518.67497456619
7975,36.9249593758719
7976,57.6242162362166
7977,176.765850057383
7978,154.265080771693
7979,406.936266441952
7980,0
7981,58.8695570403145
7982,63.173841761274
7983,0
7984,0
7985,93.7874623047277
8024,14.5330062769476
8025,37.2876799984247
8026,0
8027,59.4015472867252
8028,17.3380457580224
8029,0
8030,42.6559452122057
8031,1612.17226037288
8032,839.55315296064
8033,48.4957472353053
8034,31.6413289740199
8035,20.8806171716211
8036,19.9254528655655
8037,0
8038,51.9174117747197
8039,11.8488736700571
8040,0
8041,262.271191480489
8042,156.804125129562
8043,122.357756674467
8044,0
8045,0
8046,37.9526678064381
8047,69.6665409049686
8048,278.581528807945
8049,420.139297102873
8050,925.433305693717
8051,0
8052,180.900865154484
8053,19.7924553039628
8054,135.899326583104
8055,0
8056,38.4846580528488
8057,0.991436368310903
8058,0
8059,207.294835788908
8060,2344.38429043273
8061,0
8062,0
8063,0
8064,0
8065,0
8066,1.25743149151627
8067,0.906801556381923
8068,75.1678036803522
8069,0
8070,44.6750900110827
8071,0
8072,266.49084138952
8073,585.225543114056
8074,26.672056445047
8075,4.63073328125702
8076,166.355768190118
8077,721.560134444224
8078,713.048290501652
8079,72.4836710734617
8080,0
8081,10.0715426195486
8082,4.73954946802285
8123,0
8124,75.9778797373867
8125,4.21964990903055
8126,0
8127,0
8128,51.4942377150748
8129,197.005660795827
8130,37.6141285587222
8131,192.967371198073
8132,302.255094773223
8133,165.860050005963
8134,69.9567174030108
8135,54.8191767551419
8136,54.057463447781
8137,127.653477763738
8138,0
8139,82.4947602559182
8140,662.122315095243
8141,348.81633202158
8142,68.4212001008707
8143,0
8144,60.4534370921282
8145,202.966369693111
8146,5.42871865087311
8147,15.9597073923218
8148,84.2116378693346
8149,250.156322687227
8150,221.549756255231
8151,241.160851247918
8152,116.276140902999
8153,22.7184016592218
8154,1.17279667958729
8155,79.8710810861198
8156,43.4297492069849
8157,69.0982785963025
8158,22.8151271585692
8159,6.06952508404967
8160,136.794037452068
8161,48.0363011134051
8162,15.0408151485215
8163,0
8164,0
8165,0
8166,0
8167,0
8168,0
8169,0
8170,9.46700824862728
8171,95.3350702942862
8172,195.14369493339
8173,1364.44616585675
8174,177.104389305099
8175,2.91385566784058
8176,48.2297521120999
8177,0
8223,26.7808726318128
8224,0
8225,30.1299930467167
8226,82.2650371949681
8227,21.2675191690107
8228,0.918892243800349
8229,24.1209213997592
8230,19.1153768085309
8231,0
8234,45.2191709449119
8235,238.899892700672
8236,0
8237,18.2206659395674
8238,11.8367829826387
8239,17.9546708163621
8240,286.766924190219
8241,3006.61542171474
8242,0
8243,8.97129006447183
8244,0
8245,8.77783906577701
8246,12.525952165489
8247,715.115798050203
8248,89.8942609559946
8249,207.19811028956
8250,12.1995036051915
8251,73.9466442510912
8252,685.215528064436
8253,105.974875222501
8254,13.6866581576578
8255,391.943814043104
8256,34.8695425147396
8257,1.3178849286084
8258,9.70882199699579
8259,5.00554459122822
8260,0
8261,0
8262,14.4604621524371
8263,0
8264,0
8265,0
8266,0
8267,5.36826521378098
8268,0
8269,0
8270,0
8271,24.2055562116881
8272,187.840919732661
8273,856.794473219315
8274,315.385581309633
8275,13.7108395324947
8276,0
8322,14.6539131511319
8323,99.7965339516852
8324,4.2438312838674
8325,2.357684046593
8326,0
8334,88.8786432128469
8335,2292.62405759445
8336,41.6524181564763
8337,157.324024688554
8338,126.420227647059
8339,194.466616437958
8340,318.589613475516
8341,802.144566088031
8342,0
8343,6.67405945497095
8344,0
8345,77.2594926037399
8346,0
8347,19.6715484297785
8348,0
8349,86.8594984139698
8350,32.7778535913519
8351,19.9859063026576
8352,79.9315345232119
8353,66.5955063006884
8354,3.85692928647778
8355,9.39446412411672
8356,54.964265004163
8357,11.8126016078019
8358,20.1068131768418
8359,22.7667644088955
8360,13.5415699086367
8361,17.2292295712565
8362,116.820221836829
8363,0
8364,0
8365,0
8366,0
8367,33.1647555887415
8368,27.2645001285498
8369,0
8370,160.927049539245
8371,431.105550591385
8372,254.50897015786
8373,65.1446238104774
8374,24.5561861468225
8375,32.3909515939623
8422,60.562253278894
8423,6.28715745758133
8424,51.4579656528195
8425,115.526518283057
8426,0
8435,345.430939544421
8436,0
8437,177.031845180588
8438,7.72594926037398
8439,143.262555220925
8440,93.6423740557066
8441,37.55367512163
8442,0
8443,17.3259550706039
8444,0
8445,25.3541715164386
8446,17.4952246944619
8447,42.3778594015819
8448,16.1289770161798
8449,62.6781235771185
8450,92.7597538741615
8451,4.1954685341937
8452,16.9148716983775
8453,174.577435634648
8454,156.477676569265
8455,228.526082895663
8456,24.2781003361987
8457,362.732713240188
8458,4.86045634220711
8459,28.1833923723502
8460,9.32191999960617
8461,0
8462,0
8463,0
8464,9.93854505794588
8465,0
8466,0
8467,35.8730695704689
8468,0
8469,0
8470,31.1939735395382
8471,30.7828901673117
8522,0
8523,13.7108395324947
8524,979.079685769272
8525,21.1224309199896
8526,65.9546998675119
8535,33.0801207768126
8536,84.70735605349
8537,3.40957385199603
8538,0
8539,36.9491407507088
8540,47.2987691808811
8541,22.7909457837323
8542,30.7224367302196
8543,57.9627554839325
8544,0
8545,0
8546,36.2720622552769
8547,0
8548,9.92645437052745
8549,0
8550,0
8551,12.8524007257865
8552,73.2816564430778
8553,77.4529436024347
8554,22.3314996618322
8555,105.358250164161
8556,0
8557,2.33350267175615
8558,0
8559,6.34761089467346
8560,18.776837560815
8561,0
8562,16.3224280148746
8563,7.00050801526845
8564,46.754688247052
8565,331.720100011926
8566,25.8015269509203
8567,0
8568,0
8622,0
8623,26.0433406992888
8625,16.673057950009
8626,0
8636,0
8637,234.329612856507
8638,50.1521714116296
8639,14.4604621524371
8640,26.0675220741257
8641,8.89874593996127
8642,0
8643,0
8644,5.77934858600746
8645,27.6755835007763
8646,0
8647,13.4811164715446
8648,29.4408238638664
8649,51.9415931495566
8650,48.858467857858
8651,45.4730753806988
8652,52.4856740833857
8653,2.33350267175615
8654,59.3894565993068
8655,64.6972683759956
8656,44.4816390123879
8657,0
8658,5.36826521378098
8659,30.3113533579931
8660,0
8661,6.23879470790763
8662,0
8663,7.08514282719743
8664,731.196412316709
8665,13.2634840980129
8666,0
8738,0
8739,51.4337842779827
8740,0
8741,427.502525740694
8742,25.7168921389913
8743,0
8744,41.4106044081078
8745,0
8746,20.167266613934
8747,10.1078146818038
8748,175.496327878448
8749,1718.37685865633
8750,141.642403106856
8751,19.9496342404023
8752,0
8753,109.638353510284
8754,29.9849047976956
8755,679.73844666389
8756,17.7854011925041
8757,65.192986560151
8758,0
8759,11.2080672368806
8760,53.3562035775124
8761,0
8762,0
8763,77.7914828501506
8764,93.1466558715511
8765,19.030741996602
8842,144.205628839563
8843,0
8844,54.5773630067734
8845,14.2065577166501
8846,28.6065664319951
8847,38.7506531760542
8848,54.311367883568
8849,0
8850,4.84836565478868
8851,151.726036413823
8852,0
8853,0
8854,37.2514079361694
8855,48.0725731756603
8856,119.286722070187
8857,17.9063080666884
8858,15.4398078333295
8859,58.3375667939037
8860,305.664668625219
8863,0
8864,153.128556154361
8943,215.963858667919
8944,146.877670759035
8945,10.482625991775
8946,288.012264994317
8947,0
8948,50.3214410354875
8949,25.5597132025518
8950,0
8951,2.4060467962667
8952,48.0846638630788
8953,34.4463684550947
8954,54.6378164438655
8955,37.3844054977721
8956,378.329700009957
8957,51.6151445892591
8958,0
8959,87.9234789067913
8960,108.163289645236
8961,0
8964,0
8965,0
9044,64.7456311256693
9045,12.3687732290494
9046,0
9047,0
9048,0
9049,83.2443828758605
9050,12.6831311019285
9051,0
9052,25.1002670806516
9053,0
9054,111.681679683998
9055,506.889979330077
9056,144.157266089889
9057,62.8836652632318
9058,161.471130473074
9059,28.5944757445766
9060,0
9064,0
9065,80.0161693351409
9144,26.1763382608915
9145,37.722944745488
9146,2.17632373531662
9147,34.6398194537895
9148,0
9149,44.3365507633668
9150,24.1571934620144
9151,123.941636726281
9152,843.397991559699
9153,117.26757727131
9154,147.022759008056
9155,407.057173316136
9156,193.523542819321
9157,121.378410993575
9158,71.5768695170798
9159,871.351660871099
9160,219.905422766326
9161,0
9244,16.8785996361222
9245,41.1446092849025
9246,21.3763353557765
9247,68.9894624095367
9248,3.85692928647778
9249,82.5914857552656
9250,18.9581978720914
9251,154.845433767777
9252,588.550482154123
9253,742.452842303263
9254,1294.05418370668
9255,841.886655632396
9256,1520.66993799023
9257,416.463728127671
9258,0
9259,11.9939619190782
9260,0
9344,330.69239158136
9345,25.9707965747783
9346,28.0503948107475
9347,0
9348,18.4866610627728
9349,26.0796127615441
9350,763.297187412629
9351,873.298261545466
9352,2021.30903192498
9353,1264.214367158
9354,371.474280243709
9355,355.236487040764
9356,320.354853838606
9357,451.405814766921
9444,102.045401811512
9445,152.898833093411
9446,6.49269914369457
9447,15.0408151485215
9448,42.5834010876951
9449,13.7954743444237
9450,511.206354738455
9451,686.968677740108
9452,579.506647965141
9453,890.938574488949
9454,580.232089210247
9455,96.7013179725683
9456,20.1309945516787
9544,141.509405545254
9545,126.662041395427
9546,78.8312819681352
9547,7.13350557687113
9548,25.1123577680701
9549,200.802136645213
9550,208.528085905587
9551,381.739273861953
9552,657.346493564965
9553,4383.15227498992
9554,3923.94796683811
9555,217.970912779377
9644,889.499782686156
9645,196.969388733572
9646,0
9647,3.24030422813807
9648,485.646641535903
9649,251.51047967809
9650,287.06919137568
9651,84.308363368682
9652,89.5557217082787
9653,300.393128910785
9654,2616.50939215924
9744,22.7788550963139
9745,144.096812652797
9746,130.518970681905
9747,142.065577166501
9748,122.768840046694
9749,39.8871777933862
9750,176.161315686462
9751,0
9845,69.593996780458
9846,1027.81724675295
9847,221.017766008821
9848,94.3315432385569
9849,94.0050946782594
9850,111.74213312109
9851,48.9914654194607
9947,128.644914132049
9948,217.052020535577
9949,1707.31387966847
9950,229.62633545074
